Nº;ID;Date;Time;Country;League;Home;Away;golshtHome;totalHome;golshtAway;totalAway;pHome;pAway;pSum;avgHome;sdHome;avgAway;sdAway;avgSum
1;CxiAy7Fm;01/12/2023;05:00;AUSTRALIA & OCEANIA;PACIFIC GAMES WOMEN - PLAY OFFS - FINAL;Papua New Guinea W;Fiji W;24;26;19;19;0,9231;1,0;1,9231;1,9615;0,9398;2,9474;1,8771;4,9089
2;4xyMXJag;01/12/2023;16:00;ENGLAND;PREMIER LEAGUE 2 - ROUND 9;Norwich U21;Blackburn U21;28;30;27;30;0,9333;0,9;1,8333;1,9667;1,1101;2,1333;1,3597;4,1
3;E3pSBY6F;01/12/2023;10:00;EUROPE;UEFA NATIONS LEAGUE WOMEN - LEAGUE C - ROUND 5;Georgia W;Luxembourg W;26;30;28;30;0,8667;0,9333;1,8;1,8333;1,3437;2,3333;1,3744;4,1666
4;UJzkmdf4;01/12/2023;11:00;ENGLAND;PROFESSIONAL DEVELOPMENT LEAGUE;Swansea U21;Colchester U21;29;30;25;30;0,9667;0,8333;1,8;2,4667;1,384;1,8;1,2754;4,2667
5;bTu8krjD;01/12/2023;09:00;EUROPE;UEFA NATIONS LEAGUE WOMEN - LEAGUE C - ROUND 5;Montenegro W;Faroe Islands W;27;30;26;30;0,9;0,8667;1,7667;1,6;1,0832;2,2667;1,7689;3,8667
6;l0NqCIl8;01/12/2023;16:00;GERMANY;OBERLIGA HESSEN - ROUND 20;Hunfelder;Friedberg;27;30;26;30;0,9;0,8667;1,7667;1,8667;1,2841;1,8333;1,2931;3,7
7;xKUHSBLJ;01/12/2023;15:30;GERMANY;OBERLIGA WESTFALEN - ROUND 16;Erkenschwick;Eintracht Rheine;28;30;25;30;0,9333;0,8333;1,7666;2,0;1,0;1,8;1,3266;3,8
8;tQvfeCs3;01/12/2023;15:00;GERMANY;OBERLIGA BAYERN NORD - ROUND 24;Feucht;Coburg;27;30;18;21;0,9;0,8571;1,7571;1,6667;1,075;1,9524;1,3265;3,6191
9;2BNi3gv1;01/12/2023;06:00;BHUTAN;PREMIER LEAGUE;Namlha;RTC;14;16;14;16;0,875;0,875;1,75;2,4375;1,2732;1,5;0,9354;3,9375
10;xQuALIZp;01/12/2023;15:30;GERMANY;OBERLIGA BREMEN - ROUND 17;Vatan Bremen;Oberneuland;27;30;25;30;0,9;0,8333;1,7333;1,7333;0,9978;1,9333;1,4817;3,6666
11;CKBJSdHk;01/12/2023;14:30;AUSTRIA;WIEN - ROUND 13;Schwechat;Sportunion Mauer;28;30;16;20;0,9333;0,8;1,7333;2,0;1,0954;1,85;1,74;3,85
12;E5BLH0Z5;01/12/2023;11:00;EUROPE;UEFA NATIONS LEAGUE WOMEN - LEAGUE C - ROUND 5;Kazakhstan W;Estonia W;24;30;28;30;0,8;0,9333;1,7333;1,8333;1,5293;1,7667;1,2297;3,6
13;AHxFN6qd;01/12/2023;15:00;GERMANY;OBERLIGA BADEN-WÜRTTEMBERG - ROUND 20;Nottingen;Offenburger;25;30;26;30;0,8333;0,8667;1,7;1,5667;1,0546;1,5333;0,9911;3,1
14;f7XMeGXB;01/12/2023;16:30;WALES;CYMRU NORTH - ROUND 15;Ruthin;Llandudno;23;30;28;30;0,7667;0,9333;1,7;1,4667;1,335;1,5667;0,8825;3,0334
15;QRu6abYn;01/12/2023;16:30;WALES;CYMRU NORTH - ROUND 15;Guilsfield;Holywell;23;30;28;30;0,7667;0,9333;1,7;1,4333;1,4985;1,8333;1,1856;3,2666
16;4ACLbRBT;01/12/2023;11:00;EUROPE;UEFA NATIONS LEAGUE WOMEN - LEAGUE C - ROUND 5;Moldova W;Malta W;26;30;25;30;0,8667;0,8333;1,7;2,3667;1,9058;1,6333;1,0483;4,0
17;lbSOTTSm;01/12/2023;21:00;ARUBA;DIVISION DI HONOR - ROUND 8;Britannia;Bubali;24;30;26;30;0,8;0,8667;1,6667;1,5667;1,1455;1,9333;1,4591;3,5
18;MooVl50e;01/12/2023;14:00;EUROPE;UEFA NATIONS LEAGUE WOMEN - LEAGUE B - ROUND 5;Ukraine W;Poland W;26;30;24;30;0,8667;0,8;1,6667;1,6667;1,1926;1,8;1,4468;3,4667
19;j9BPTYa1;01/12/2023;09:00;ROMANIA;LIGA 3 - SERIA 2 - ROUND 15;CSM Ramnicu Sarat;Vointa Limpezis;23;30;27;30;0,7667;0,9;1,6667;1,4333;1,2023;2,0;1,2383;3,4333
20;IBmo3coi;01/12/2023;14:10;AUSTRIA;2. LIGA - ROUND 16;St. Polten;Sturm Graz (Am);26;30;24;30;0,8667;0,8;1,6667;1,4333;0,9551;2,0;1,7321;3,4333
21;86eJGzfr;01/12/2023;09:45;UNITED ARAB EMIRATES;UAE LEAGUE - ROUND 9;Ajman;Hatta;26;30;24;30;0,8667;0,8;1,6667;2,0333;1,3536;1,5333;1,147;3,5666
22;0pYIddI5;01/12/2023;16:30;WALES;CYMRU NORTH - ROUND 15;Denbigh;Prestatyn;24;30;26;30;0,8;0,8667;1,6667;1,9667;1,378;1,8;1,6207;3,7667
23;WjsBNmXF;01/12/2023;14:30;WORLD;CLUB FRIENDLY;Bohemians 1905 B (Cze);Benesov (Cze);24;30;26;30;0,8;0,8667;1,6667;1,8667;1,4314;1,6333;1,2243;3,5
24;z36J3Glj;01/12/2023;15:30;GERMANY;OBERLIGA HAMBURG - ROUND 20;Suderelbe;Halstenbek-Rellingen;27;30;23;30;0,9;0,7667;1,6667;1,6;1,0832;1,4;1,052;3,0
25;QJDHa7dN;01/12/2023;08:00;EUROPE;UEFA NATIONS LEAGUE WOMEN - LEAGUE C - ROUND 5;Latvia W;Andorra W;25;30;15;18;0,8333;0,8333;1,6666;2,2;1,8868;2,5;1,7078;4,7
26;AJZ0EMK9;01/12/2023;05:30;GEORGIA;CRYSTALBET EROVNULI LIGA 2 - ROUND 36;Loco. Tbilisi;Merani Tbilisi;25;30;25;30;0,8333;0,8333;1,6666;1,5;1,0567;1,6;1,1719;3,1
27;EulMbrf5;01/12/2023;14:10;AUSTRIA;2. LIGA - ROUND 16;Horn;Leoben;25;30;25;30;0,8333;0,8333;1,6666;1,5333;0,9214;1,6667;1,2202;3,2
28;YgOZtwOO;01/12/2023;09:00;ROMANIA;LIGA 3 - SERIA 7 - ROUND 15;Gilortul Tg. Carbunesti;Lupac;25;30;25;30;0,8333;0,8333;1,6666;1,7667;1,2023;1,5667;0,9894;3,3334
29;M3pirQS0;01/12/2023;14:00;POLAND;EKSTRAKLASA - ROUND 17;Warta Poznan;Jagiellonia;25;30;25;30;0,8333;0,8333;1,6666;1,4667;0,9568;1,4667;1,0562;2,9334
30;OdjttoJR;01/12/2023;08:00;RUSSIA;YOUTH LEAGUE - ROUND 19;Spartak Moscow U19;FK Rostov U19;25;30;25;30;0,8333;0,8333;1,6666;1,6;1,2806;1,6667;1,2996;3,2667
31;bVW05COA;01/12/2023;20:00;NORTH & CENTRAL AMERICA;GOLD CUP WOMEN - QUALIFICATION - LEAGUE B;Barbados W;Dominican Republic W;15;16;21;29;0,9375;0,7241;1,6616;2,75;1,479;1,8621;1,8142;4,6121
32;CUIEZuVt;01/12/2023;16:00;ENGLAND;PREMIER LEAGUE 2 - ROUND 8;Aston Villa U21;Stoke City U21;27;30;22;30;0,9;0,7333;1,6333;2,2;1,579;1,7333;1,5902;3,9333
33;UmSLBS78;01/12/2023;12:00;EUROPE;UEFA NATIONS LEAGUE WOMEN - LEAGUE B - ROUND 5;Greece W;Serbia W;22;30;27;30;0,7333;0,9;1,6333;1,8333;1,7143;1,7333;1,2365;3,5666
34;AFyIYapm;01/12/2023;16:00;ENGLAND;PREMIER LEAGUE 2 - ROUND 9;Fulham U21;Brighton U21;27;30;22;30;0,9;0,7333;1,6333;1,9667;1,1968;1,7;1,464;3,6667
35;Ywtaedb8;01/12/2023;16:30;BELGIUM;SECOND AMATEUR DIVISION GROUP VFV B - ROUND 15;Wezel Sport;Belisia Bilzen;21;23;21;30;0,913;0,7;1,613;1,8696;1,2267;1,1667;0,9339;3,0363
36;r1N6d638;01/12/2023;08:00;RUSSIA;YOUTH LEAGUE - ROUND 19;Zenit U19;Baltika U19;25;30;14;18;0,8333;0,7778;1,6111;1,7333;1,2893;1,2778;0,9891;3,0111
37;byWMquv6;01/12/2023;09:00;ROMANIA;LIGA 3 - SERIA 7 - ROUND 15;Ghiroda & Giarmata Vii;Viitorul Simian;25;30;23;30;0,8333;0,7667;1,6;1,7;1,1;1,3;1,1;3,0
38;vmqrZ14t;01/12/2023;09:00;EUROPE;UEFA NATIONS LEAGUE WOMEN - LEAGUE C - ROUND 5;Kosovo W;Bulgaria W;23;30;25;30;0,7667;0,8333;1,6;1,8333;1,4625;1,7333;1,2365;3,5666
39;EFzR2pL1;01/12/2023;10:00;ENGLAND;PROFESSIONAL DEVELOPMENT LEAGUE;Coventry U21;Peterborough U21;25;30;23;30;0,8333;0,7667;1,6;1,9;1,3503;1,4;1,1719;3,3
40;YsAPeSeC;01/12/2023;16:00;NETHERLANDS;EERSTE DIVISIE - ROUND 17;Dordrecht;Roda;27;30;21;30;0,9;0,7;1,6;1,7667;1,2297;1,4667;1,4314;3,2334
41;GOnbpikI;01/12/2023;16:00;GERMANY;OBERLIGA NIEDERRHEIN - ROUND 16;Baumberg;Union Nettetal;22;30;26;30;0,7333;0,8667;1,6;1,4667;1,2037;2,1;1,4224;3,5667
42;YT4p2xAN;01/12/2023;14:30;GERMANY;2. BUNDESLIGA - ROUND 15;St. Pauli;Hamburger SV;22;30;26;30;0,7333;0,8667;1,6;1,4;1,3565;1,7;1,1;3,1
43;vctNLNnR;01/12/2023;15:00;GERMANY;REGIONALLIGA SUDWEST - ROUND 20;FSV Frankfurt;Balingen;25;30;23;30;0,8333;0,7667;1,6;1,5;1,0567;1,7;1,2689;3,2
44;U3UN6Ub0;01/12/2023;15:30;GERMANY;OBERLIGA WESTFALEN - ROUND 16;Lotte;Schermbeck 2020;24;30;24;30;0,8;0,8;1,6;1,8333;1,2931;1,4;1,0198;3,2333
45;OAZBrj5I;01/12/2023;21:00;CURAÇAO;PROMÉ DIVISHON - ROUND 9;Jong Holland;Centro Dominguito;26;30;22;30;0,8667;0,7333;1,6;1,6333;1,1397;1,3333;1,1926;2,9666
46;WjkNE5ep;01/12/2023;17:00;FRANCE;LIGUE 1 - ROUND 14;Reims;Strasbourg;25;30;23;30;0,8333;0,7667;1,6;1,4333;0,9551;1,4667;1,2579;2,9
47;OClzIQEj;01/12/2023;08:00;BELARUS;VYSSHAYA LIGA RESERVE - ROUND 30;Brest 2;Belshina 2;27;30;21;30;0,9;0,7;1,6;1,5333;0,8844;1,2667;1,2365;2,8
48;fa9HQXw3;01/12/2023;10:00;WORLD;FRIENDLY INTERNATIONAL WOMEN;Finland U17 W;Italy U17 W;23;30;25;30;0,7667;0,8333;1,6;1,4;1,0832;2,0333;1,6829;3,4333
49;r53MReU2;01/12/2023;07:00;WORLD;FRIENDLY INTERNATIONAL WOMEN;Bangladesh W;Singapore W;20;25;23;30;0,8;0,7667;1,5667;2,08;1,3833;1,9667;1,7026;4,0467
50;rDiGIk3P;01/12/2023;16:00;NETHERLANDS;EERSTE DIVISIE - ROUND 17;Helmond;Den Haag;21;30;26;30;0,7;0,8667;1,5667;1,1667;1,0028;1,6667;1,1353;2,8334
51;CxmtZusD;01/12/2023;09:00;WORLD;WORLD CUP U17 - PLAY OFFS - 3RD PLACE;Argentina U17;Mali U17;26;30;21;30;0,8667;0,7;1,5667;1,7667;1,1455;1,3;1,1874;3,0667
52;Q3XTyEpQ;01/12/2023;08:00;POLAND;CENTRAL YOUTH LEAGUE - ROUND 17;Pogon Szczecin U19;Legia U19;24;30;23;30;0,8;0,7667;1,5667;1,9667;1,6428;1,9333;1,5261;3,9
53;KjKVsJ8I;01/12/2023;09:00;ROMANIA;LIGA 3 - SERIA 7 - ROUND 15;CSO Filiasi;Jiul Petrosani;26;30;21;30;0,8667;0,7;1,5667;1,7;1,1;1,2333;1,0225;2,9333
54;MVnJqfdd;01/12/2023;09:00;ROMANIA;LIGA 3 - SERIA 8 - ROUND 15;Avantul Periam;FC Bihor;26;30;21;30;0,8667;0,7;1,5667;1,6;1,0832;1,4;1,3064;3,0
55;jXo6yvWK;01/12/2023;15:30;GERMANY;OBERLIGA NOFV-NORD - ROUND 15;Staaken;Furstenwalde;20;30;27;30;0,6667;0,9;1,5667;1,4;1,2;1,7667;1,2297;3,1667
56;nBLiz2c9;01/12/2023;15:00;GERMANY;OBERLIGA NIEDERSACHSEN - ROUND 18;Emden;Ramlingen-Ehlershausen;26;30;21;30;0,8667;0,7;1,5667;1,9;1,3503;1,3667;1,2512;3,2667
57;SICYC8xO;01/12/2023;06:30;WORLD;CLUB FRIENDLY;Dukla Prague (Cze);Vlasim (Cze);21;30;26;30;0,7;0,8667;1,5667;1,5;1,3601;1,5;0,9574;3,0
58;SnOZTHbp;01/12/2023;15:00;FRANCE;NATIONAL 2 - GROUP B - ROUND 11;Les Herbiers;Bergerac;24;30;23;30;0,8;0,7667;1,5667;1,5;1,0878;1,4667;1,1175;2,9667
59;tKVYM7mG;01/12/2023;15:30;FRANCE;NATIONAL - ROUND 15;Avranches;Villefranche;21;30;26;30;0,7;0,8667;1,5667;1,1333;0,9568;1,4;0,9522;2,5333
60;E7hwOl90;01/12/2023;16:45;BELGIUM;JUPILER PRO LEAGUE - ROUND 16;Westerlo;Anderlecht;22;30;25;30;0,7333;0,8333;1,5666;1,4333;1,2565;1,4;0,9866;2,8333
61;2T4vyAD2;01/12/2023;21:00;NORTH & CENTRAL AMERICA;GOLD CUP WOMEN - QUALIFICATION - LEAGUE A;Puerto Rico W;Mexico W;18;23;23;30;0,7826;0,7667;1,5493;1,7826;1,2839;1,9667;1,6829;3,7493
62;Qig3649I;01/12/2023;05:00;INDONESIA;LIGA 2 - ROUND 12;Persipa Pati;Gresik;14;16;20;30;0,875;0,6667;1,5417;1,1875;0,7262;0,9333;0,8138;2,1208
63;d2nk2H0c;01/12/2023;14:10;AUSTRIA;2. LIGA - ROUND 16;Kapfenberg;Lafnitz;20;30;26;30;0,6667;0,8667;1,5334;1,0;0,8563;1,7667;1,2565;2,7667
64;jBfTt7FD;01/12/2023;21:30;BOLIVIA;DIVISION PROFESIONAL - ROUND 33;Wilstermann;The Strongest;20;30;26;30;0,6667;0,8667;1,5334;0,9;0,7895;1,4333;1,116;2,3333
65;6qS6mksf;01/12/2023;13:00;WORLD;FRIENDLY INTERNATIONAL WOMEN;Sweden U19 W;England U19 W;26;30;20;30;0,8667;0,6667;1,5334;1,5333;0,9568;1,2333;1,3085;2,7666
66;MPPjYQz3;01/12/2023;16:15;SWITZERLAND;CHALLENGE LEAGUE - ROUND 16;Sion;Stade Nyonnais;26;30;20;30;0,8667;0,6667;1,5334;1,6333;1,1968;1,3;1,2949;2,9333
67;bsRZ0ZgL;01/12/2023;15:00;GERMANY;OBERLIGA MITTELRHEIN - ROUND 16;Hennef;Bonner;26;30;20;30;0,8667;0,6667;1,5334;1,9;1,3988;1,0333;1,0483;2,9333
68;KvY2Q2cT;01/12/2023;07:30;WORLD;CLUB FRIENDLY;Chrudim (Cze);Brno (Cze);25;30;21;30;0,8333;0,7;1,5333;1,5333;1,2037;1,2333;1,116;2,7666
69;W6FajWJa;01/12/2023;16:30;WALES;CYMRU SOUTH - ROUND 15;Taffs Well;Afan Lido;21;30;25;30;0,7;0,8333;1,5333;1,2333;1,2023;1,4667;1,147;2,7
70;bTodkjZ5;01/12/2023;16:30;WALES;CYMRU SOUTH - ROUND 15;Llanelli;Cambrian & Clydach;21;30;25;30;0,7;0,8333;1,5333;1,7667;1,4985;1,5667;1,116;3,3334
71;EernDTQn;01/12/2023;16:00;NETHERLANDS;EERSTE DIVISIE - ROUND 17;Willem II;FC Emmen;24;30;22;30;0,8;0,7333;1,5333;1,5;1,118;1,5;1,2315;3,0
72;Mu4jDuqD;01/12/2023;16:45;EUROPE;UEFA NATIONS LEAGUE WOMEN - LEAGUE A - ROUND 5;England W;Netherlands W;24;30;22;30;0,8;0,7333;1,5333;1,5;1,4549;1,5667;1,4533;3,0667
73;vqwPujYC;01/12/2023;06:30;MYANMAR;NATIONAL LEAGUE - ROUND 21;Ayeyawady;Hantharwady Utd;25;30;21;30;0,8333;0,7;1,5333;1,7667;1,4067;1,1;1,0116;2,8667
74;6qCttAgr;01/12/2023;10:00;TANZANIA;LIGI KUU BARA - ROUND 12;Singida Fountain Gate;JKT Tanzania;22;30;24;30;0,7333;0,8;1,5333;1,2333;0,9551;1,2333;0,9551;2,4666
75;bHe830Sp;01/12/2023;05:30;TAJIKISTAN;VYSSHAYA LIGA - CHAMPIONSHIP GROUP - ROUND 3;Kuktosh;Istiqlol Dushanbe;24;30;22;30;0,8;0,7333;1,5333;1,4;1,1136;1,0333;0,836;2,4333
76;ra4D6ZQ1;01/12/2023;08:00;THAILAND;THAI LEAGUE 2 - ROUND 14;Chiangmai FC;Chiangmai Utd;22;30;24;30;0,7333;0,8;1,5333;1,5;1,2845;1,2667;0,9638;2,7667
77;W8z8RSGd;01/12/2023;15:30;BELGIUM;PRO LEAGUE U21 - ROUND 11;Oostende U21;Eupen U21;24;30;22;30;0,8;0,7333;1,5333;1,7667;1,5206;1,5333;1,2841;3,3
78;foUOXMQ7;01/12/2023;08:00;RUSSIA;YOUTH LEAGUE - ROUND 19;Konoplev Academy U19;Chertanovo M. U19;25;30;21;30;0,8333;0,7;1,5333;1,8333;1,3683;1,4333;1,1455;3,2666
79;6RhJEuJ0;01/12/2023;09:00;BOSNIA AND HERZEGOVINA;PRVA LIGA - RS - ROUND 16;BSK Banja Luka;Kozarska Dubica;12;16;23;30;0,75;0,7667;1,5167;1,3125;1,044;1,2667;0,9286;2,5792
80;WnNOdtPS;01/12/2023;17:00;WORLD;FRIENDLY INTERNATIONAL WOMEN;Paraguay U17 W;Russia U17 W;20;28;24;30;0,7143;0,8;1,5143;1,75;1,6394;1,6333;1,4716;3,3833
81;48RMuU6c;01/12/2023;06:00;BELARUS;VYSSHAYA LIGA RESERVE - ROUND 30;Neman 2;Naftan 2;22;30;21;27;0,7333;0,7778;1,5111;1,3667;1,1968;1,6667;1,5396;3,0334
82;rVOLJFrn;01/12/2023;05:45;AUSTRALIA;A-LEAGUE - ROUND 6;Brisbane Roar;WS Wanderers;21;30;24;30;0,7;0,8;1,5;1,2333;1,0546;1,5;1,1762;2,7333
83;ITjuO1Ge;01/12/2023;16:00;SPAIN;TERCERA RFEF - GROUP 9 - ROUND 13;Huetor Tajar;El Ejido;24;30;21;30;0,8;0,7;1,5;1,5333;1,2037;1,2667;1,3149;2,8
84;t4wyovWG;01/12/2023;01:00;AUSTRALIA & OCEANIA;PACIFIC GAMES - PLAY OFFS - 3RD PLACE;Vanuatu;Fiji;23;30;22;30;0,7667;0,7333;1,5;1,5667;1,6265;1,3667;1,4716;2,9334
85;hGGeiC4g;01/12/2023;16:30;WALES;CYMRU SOUTH - ROUND 15;Carmarthen Town;Abergavenny Town;23;30;22;30;0,7667;0,7333;1,5;1,6333;1,2512;1,2333;0,9894;2,8666
86;ULZASDlj;01/12/2023;07:00;ARMENIA;FIRST LEAGUE - ROUND 16;BKMA 2;Pyunik Yerevan 2;23;30;22;30;0,7667;0,7333;1,5;1,5333;1,3098;1,5;1,3102;3,0333
87;M3UC9CeH;01/12/2023;16:00;FRANCE;NATIONAL 2 - GROUP A - ROUND 11;Bourgoin Jallieu;Thonon-Evian;12;15;21;30;0,8;0,7;1,5;1,4;1,1431;1,1;0,9781;2,5
88;CWVvzxlr;01/12/2023;13:30;SLOVAKIA;NIKE LIGA - ROUND 16;Kosice;Michalovce;24;30;21;30;0,8;0,7;1,5;1,4333;0,9551;1,4667;1,335;2,9
89;vohFEzNd;01/12/2023;12:00;EUROPE;UEFA NATIONS LEAGUE WOMEN - LEAGUE C - ROUND 5;Lithuania W;Turkey W;22;30;23;30;0,7333;0,7667;1,5;1,7667;1,7829;1,3667;1,0483;3,1334
90;8hzfdVIG;01/12/2023;16:00;FRANCE;NATIONAL 2 - GROUP C - ROUND 11;Chambly;Bastia-Borgo;22;30;23;30;0,7333;0,7667;1,5;1,1667;0,969;1,1;0,8307;2,2667
91;UyA9G1Un;01/12/2023;16:00;BELGIUM;CHALLENGER PRO LEAGUE - ROUND 14;Lommel SK;Genk U23;21;30;24;30;0,7;0,8;1,5;1,2333;1,3337;1,5333;1,1757;2,7666
92;2qeap9pj;01/12/2023;11:00;WORLD;FRIENDLY INTERNATIONAL WOMEN;Switzerland U19 W;Denmark U19 W;24;30;21;30;0,8;0,7;1,5;1,9667;1,9405;1,5667;1,4067;3,5334
93;vVBy4buB;01/12/2023;14:30;GERMANY;2. BUNDESLIGA - ROUND 15;Schalke;VfL Osnabruck;27;30;18;30;0,9;0,6;1,5;1,7667;1,116;1,1333;1,1175;2,9
94;04bYIp3B;01/12/2023;15:30;GERMANY;OBERLIGA RHEINLAND-PFALZ/SAAR - ROUND 24;Pfeddersheim;Dudenhofen;21;30;24;30;0,7;0,8;1,5;1,7333;1,5261;1,3333;1,075;3,0666
95;29KcWxKL;01/12/2023;16:30;BELGIUM;PRO LEAGUE U21 - ROUND 11;Kortrijk U21;Lierse K. U21;19;30;26;30;0,6333;0,8667;1,5;1,0333;1,016;2,0;1,4376;3,0333
96;zs1lzLKd;01/12/2023;16:00;BELGIUM;PRO LEAGUE U21 - ROUND 11;Dender U21;RWDM U21;21;30;24;30;0,7;0,8;1,5;1,6333;1,6017;1,6333;1,378;3,2666
97;fuPIK0uh;01/12/2023;14:00;TURKEY;SUPER LIG - ROUND 14;Karagumruk;Istanbulspor AS;24;30;21;30;0,8;0,7;1,5;1,4667;1,2579;1,0667;0,9978;2,5334
98;zFOGLe3T;01/12/2023;16:45;NORTHERN IRELAND;NIFL CHAMPIONSHIP - ROUND 18;Dergview;Institute;26;30;19;30;0,8667;0,6333;1,5;1,5333;0,9911;1,1;1,1358;2,6333
99;d62Fjd7E;01/12/2023;09:00;ROMANIA;LIGA 3 - SERIA 2 - ROUND 15;CSM Focsani;Metalul Buzau;23;30;22;30;0,7667;0,7333;1,5;1,7;1,2689;1,3;1,0693;3,0
100;x6Xi14sp;01/12/2023;19:00;TRINIDAD AND TOBAGO;TT PREMIER LEAGUE - ROUND 2;Central FC;Sando;24;30;21;30;0,8;0,7;1,5;1,6667;1,2202;1,5333;1,384;3,2
101;YeRlS3T9;01/12/2023;10:00;MALAYSIA;SUPER LEAGUE - ROUND 25;Kelantan United;Negeri Sembilan;21;30;23;30;0,7;0,7667;1,4667;1,4;1,2543;1,5667;1,2297;2,9667
102;xtYdYx2I;01/12/2023;16:30;GERMANY;BUNDESLIGA - ROUND 13;Darmstadt;FC Koln;21;30;23;30;0,7;0,7667;1,4667;1,4333;1,1743;1,4667;1,2841;2,9
103;vgYBD2iq;01/12/2023;14:00;BOSNIA AND HERZEGOVINA;PREMIJER LIGA BIH - ROUND 16;Velez Mostar;FK Sarajevo;20;30;24;30;0,6667;0,8;1,4667;1,3333;1,325;1,5667;1,3337;2,9
104;A7sVdMOH;01/12/2023;14:10;AUSTRIA;2. LIGA - ROUND 16;Stripfing;Admira;24;30;20;30;0,8;0,6667;1,4667;1,5;1,0878;1,4333;1,3085;2,9333
105;hbwMP93c;01/12/2023;15:30;FRANCE;NATIONAL - ROUND 15;Le Mans;Nancy;20;30;24;30;0,6667;0,8;1,4667;1,1667;1,0028;1,2333;0,8825;2,4
106;t8DXg6QO;01/12/2023;16:00;NETHERLANDS;EERSTE DIVISIE - ROUND 17;Cambuur;Eindhoven FC;26;30;18;30;0,8667;0,6;1,4667;2,1;1,4224;1,0333;1,016;3,1333
107;27HJm9Uu;01/12/2023;10:00;BULGARIA;PARVA LIGA - ROUND 19;Arda;Botev Plovdiv;21;30;23;30;0,7;0,7667;1,4667;1,1333;1,0242;1,1333;0,9214;2,2666
108;rebdyimC;01/12/2023;15:30;SWITZERLAND;CHALLENGE LEAGUE - ROUND 16;Xamax;Vaduz;21;30;23;30;0,7;0,7667;1,4667;1,5;1,2845;1,6667;1,422;3,1667
109;G2P6tv8T;01/12/2023;14:00;CYPRUS;CYTA CHAMPIONSHIP - ROUND 13;Othellos Athienou;Omonia;20;30;24;30;0,6667;0,8;1,4667;1,0;0,9661;1,4333;1,0546;2,4333
110;4bjn58Ub;01/12/2023;09:00;THAILAND;THAI LEAGUE 1 - ROUND 12;Uthai Thani;Sukhothai;23;30;21;30;0,7667;0,7;1,4667;1,3333;1,1353;1,2667;1,2092;2,6
111;YVuGZrde;01/12/2023;08:00;RUSSIA;YOUTH LEAGUE - ROUND 19;Lokomotiv Moscow U19;FSM U19;24;30;12;18;0,8;0,6667;1,4667;1,7;1,4177;1,1667;1,118;2,8667
112;0dUSkQor;01/12/2023;09:00;ROMANIA;LIGA 3 - SERIA 10 - ROUND 15;Minerul Ocna Dej;Baia Mare;21;30;23;30;0,7;0,7667;1,4667;1,1333;1,1175;1,1667;0,9339;2,3
113;63MQ1fHi;01/12/2023;13:30;QATAR;QSL - ROUND 10;Al-Sadd;Shamal;20;30;24;30;0,6667;0,8;1,4667;1,2667;1,2365;1,4;1,0198;2,6667
114;OvHV0EWc;01/12/2023;11:30;QATAR;QSL - ROUND 10;Al Markhiya;Al Arabi;24;30;20;30;0,8;0,6667;1,4667;1,8667;1,4079;1,3;1,4177;3,1667
115;j9cUmdBl;01/12/2023;15:00;PORTUGAL;LIGA PORTUGAL 2 - ROUND 12;Academico Viseu;Os Belenenses;24;30;20;30;0,8;0,6667;1,4667;1,4333;1,0546;1,0;1,0646;2,4333
116;4QGsHr1o;01/12/2023;15:00;EUROPE;UEFA NATIONS LEAGUE WOMEN - LEAGUE A - ROUND 5;Norway W;Portugal W;24;30;20;30;0,8;0,6667;1,4667;1,6333;1,3536;1,3667;1,1968;3,0
117;M5VxsH2H;01/12/2023;13:00;EUROPE;UEFA NATIONS LEAGUE WOMEN - LEAGUE B - ROUND 5;Albania W;Northern Ireland W;24;30;20;30;0,8;0,6667;1,4667;1,6667;1,2472;1,5667;1,6059;3,2334
118;0zg6TcYH;01/12/2023;16:30;EUROPE;UEFA NATIONS LEAGUE WOMEN - LEAGUE B - ROUND 5;Ireland W;Hungary W;21;30;23;30;0,7;0,7667;1,4667;1,2667;1,2365;1,8333;1,7904;3,1
119;ncfNFf9l;01/12/2023;09:45;UNITED ARAB EMIRATES;UAE LEAGUE - ROUND 9;Emirates Club;Ittihad Kalba;24;30;20;30;0,8;0,6667;1,4667;1,7667;1,3828;1,3667;1,3034;3,1334
120;hnsjCmtg;01/12/2023;16:00;NETHERLANDS;EERSTE DIVISIE - ROUND 17;Den Bosch;Jong Ajax;18;30;26;30;0,6;0,8667;1,4667;1,0;1,0646;1,8667;1,384;2,8667
121;I9CynEca;01/12/2023;09:00;ROMANIA;LIGA 3 - SERIA 9 - ROUND 15;Gloria 2018 Bistrita;Metalurgistul Cugir;23;30;21;30;0,7667;0,7;1,4667;1,4;1,1136;1,0667;1,0625;2,4667
122;rDZGFSoh;01/12/2023;16:00;NETHERLANDS;EERSTE DIVISIE - ROUND 11;Jong Utrecht;Jong PSV;22;30;22;30;0,7333;0,7333;1,4666;1,3667;1,1686;1,6;1,4514;2,9667
123;GWlLrpZ6;01/12/2023;14:00;TURKEY;1. LIG - ROUND 14;Kocaelispor;Umraniyespor;22;30;22;30;0,7333;0,7333;1,4666;1,0667;0,8138;1,2333;1,0858;2,3
124;Aa1A3C2r;01/12/2023;07:00;UKRAINE;YOUTH LEAGUE - ROUND 16;Kolos Kovalivka U19;Obolon Kiev U19;22;30;11;15;0,7333;0,7333;1,4666;1,2;0,9798;1,5333;1,2037;2,7333
125;4fzur7lF;01/12/2023;08:00;RUSSIA;YOUTH LEAGUE - ROUND 19;Ural U19;Rubin Kazan U19;22;30;22;30;0,7333;0,7333;1,4666;1,5;1,2845;1,2667;1,1528;2,7667
126;Ym99AElE;01/12/2023;16:30;ITALY;SERIE B - ROUND 15;Palermo;Catanzaro;22;30;22;30;0,7333;0,7333;1,4666;1,2667;1,0306;1,5;1,118;2,7667
127;6NdP0D2s;01/12/2023;20:00;WORLD;FRIENDLY INTERNATIONAL WOMEN;Chile W;Peru W;22;30;22;30;0,7333;0,7333;1,4666;1,2667;1,1235;1,2;0,9798;2,4667
128;EuW252h5;01/12/2023;16:00;BELGIUM;SECOND AMATEUR DIVISION GROUP VFV A - ROUND 15;Oudenaarde;Olsa Brakel;22;30;22;30;0,7333;0,7333;1,4666;1,5;1,1475;1,2333;1,0858;2,7333
129;f7JGvtP1;01/12/2023;10:30;ITALY;PRIMAVERA 1 - ROUND 12;Genoa U19;Sampdoria U19;17;27;25;30;0,6296;0,8333;1,4629;1,2593;1,2647;1,7;1,1874;2,9593
130;MPwsxRS1;01/12/2023;09:00;ROMANIA;LIGA 3 - SERIA 4 - ROUND 15;Popesti Leordeni;Moreni;23;30;20;30;0,7667;0,6667;1,4334;1,2333;0,9894;1,3667;1,3034;2,6
131;Ag2Jqswg;01/12/2023;19:30;PARAGUAY;PRIMERA DIVISION - CLAUSURA - ROUND 22;Cerro Porteno;Guarani;23;30;20;30;0,7667;0,6667;1,4334;1,2;1,0456;1,1333;1,1757;2,3333
132;CzMSGJQd;01/12/2023;15:30;FRANCE;NATIONAL - ROUND 15;Sochaux;Marignane;23;30;20;30;0,7667;0,6667;1,4334;1,6;1,1136;1,1333;0,9568;2,7333
133;pz9t3xDs;01/12/2023;15:00;GERMANY;3. LIGA - ROUND 17;Unterhaching;Hallescher;17;30;26;30;0,5667;0,8667;1,4334;1,0333;1,1101;1,6667;1,2202;2,7
134;GfVKY2B1;01/12/2023;08:00;RUSSIA;YOUTH LEAGUE - ROUND 19;FK Orenburg U19;UOR 5-Yegoryevsk U19;23;30;20;30;0,7667;0,6667;1,4334;1,7333;1,3888;1,6667;1,4453;3,4
135;dYbS8Qu4;01/12/2023;13:00;RWANDA;PREMIER LEAGUE - ROUND 12;Rayon Sport;Bugesera;24;30;19;30;0,8;0,6333;1,4333;1,3333;0,9775;0,8667;0,8055;2,2
136;nspJ7R5R;01/12/2023;16:45;ENGLAND;FA CUP - 1/64-FINALS;York City;Wigan;21;30;22;30;0,7;0,7333;1,4333;1,1;0,9074;1,2;0,9798;2,3
137;ldujIFmR;01/12/2023;09:00;SERBIA;PRVA LIGA - ROUND 19;RFK Novi Sad;FK Indjija;21;30;22;30;0,7;0,7333;1,4333;1,0;0,9309;1,1667;1,0028;2,1667
138;0t4M9hPd;01/12/2023;16:30;POLAND;DIVISION 1 - ROUND 17;Termalica B-B.;Wisla;22;30;21;30;0,7333;0,7;1,4333;1,2667;0,9638;1,3;1,1874;2,5667
139;Crv1mZB7;01/12/2023;15:00;GERMANY;OBERLIGA HESSEN - ROUND 20;Waldgirmes;TUS Dietkirchen;21;30;22;30;0,7;0,7333;1,4333;1,6333;1,538;1,4;1,1431;3,0333
140;MehV7Wg9;01/12/2023;14:00;POLAND;DIVISION 1 - ROUND 17;Polonia Warszawa;S. Rzeszow;21;30;22;30;0,7;0,7333;1,4333;1,2667;1,0306;1,2333;1,116;2,5
141;IRV63za9;01/12/2023;16:30;POLAND;EKSTRAKLASA - ROUND 17;Gornik Zabrze;Pogon Szczecin;22;30;21;30;0,7333;0,7;1,4333;1,2667;1,0934;1,2667;1,0934;2,5334
142;WjHjgrGO;01/12/2023;16:45;NORTHERN IRELAND;NIFL PREMIERSHIP - ROUND 19;Glentoran;Linfield;21;30;22;30;0,7;0,7333;1,4333;1,4333;1,2828;1,2667;1,0625;2,7
143;WxnTcL0N;01/12/2023;17:10;EUROPE;UEFA NATIONS LEAGUE WOMEN - LEAGUE A - ROUND 5;France W;Austria W;22;30;21;30;0,7333;0,7;1,4333;1,8;1,8148;1,2667;1,2092;3,0667
144;K8DnB7ea;01/12/2023;16:00;NETHERLANDS;EERSTE DIVISIE - ROUND 17;Maastricht;Jong AZ;21;30;22;30;0,7;0,7333;1,4333;1,4;1,2806;1,4333;1,2023;2,8333
145;t8DeO5iE;01/12/2023;16:00;EUROPE;UEFA NATIONS LEAGUE WOMEN - LEAGUE B - ROUND 5;Belarus W;Czech Republic W;25;30;18;30;0,8333;0,6;1,4333;1,5333;1,0242;1,3667;1,4488;2,9
146;KUMd0Odj;01/12/2023;21:10;TRINIDAD AND TOBAGO;TT PREMIER LEAGUE - ROUND 2;La Horquetta;Morvant Caledonia Utd;22;30;21;30;0,7333;0,7;1,4333;1,8333;1,5074;1,3667;1,1968;3,2
147;G692vE8j;01/12/2023;14:10;AUSTRIA;2. LIGA - ROUND 16;Amstetten;Grazer AK;21;30;22;30;0,7;0,7333;1,4333;1,3;1,0693;1,7;1,394;3,0
148;pGSBwcEF;01/12/2023;17:30;EUROPE;UEFA NATIONS LEAGUE WOMEN - LEAGUE A - ROUND 5;Spain W;Italy W;24;30;19;30;0,8;0,6333;1,4333;1,9333;1,5041;1,1667;1,2671;3,1
149;8vRspr8L;01/12/2023;15:30;GERMANY;REGIONALLIGA WEST - ROUND 18;Koln II;Fortuna Koln;22;30;21;30;0,7333;0,7;1,4333;1,5;1,2583;1,3667;1,2243;2,8667
150;6uEAxyHS;01/12/2023;05:00;INDONESIA;LIGA 1 - ROUND 21;RANS Nusantara;Persebaya;21;30;22;30;0,7;0,7333;1,4333;1,1333;1,0242;1,2333;0,9551;2,3666
151;Cb2iqwBB;01/12/2023;05:30;INDIA;I-LEAGUE - ROUND 8;Delhi FC;Churchill Brothers;19;25;20;30;0,76;0,6667;1,4267;1,28;1,1143;1,1333;1,1175;2,4133
152;ldFEkDU7;01/12/2023;13:00;ANGOLA;GIRABOLA - ROUND 6;Kabuscorp;Bravos do Maquis;19;27;21;30;0,7037;0,7;1,4037;1,037;0,8811;0,8667;0,718;1,9037
153;OAsHHFid;01/12/2023;16:15;EUROPE;UEFA NATIONS LEAGUE WOMEN - LEAGUE A - ROUND 5;Wales W;Iceland W;21;30;21;30;0,7;0,7;1,4;1,1;0,9074;1,1667;1,0028;2,2667
154;GCCarEh0;01/12/2023;12:30;BULGARIA;PARVA LIGA - ROUND 19;Slavia Sofia;CSKA Sofia;20;30;22;30;0,6667;0,7333;1,4;1,0667;0,9978;1,1667;0,969;2,2334
155;8MZxw7De;01/12/2023;09:00;ROMANIA;LIGA 3 - SERIA 4 - ROUND 15;Paulesti;Tricolorul Breaza;22;30;20;30;0,7333;0,6667;1,4;1,2667;1,0306;1,0667;0,9978;2,3334
156;2JL3hXfh;01/12/2023;09:00;ROMANIA;LIGA 3 - SERIA 3 - ROUND 15;Calarasi;Inainte Modelu;20;30;22;30;0,6667;0,7333;1,4;1,3333;1,1926;1,5667;1,3337;2,9
157;z5DeGvgB;01/12/2023;16:45;ENGLAND;FA CUP - 1/64-FINALS;Notts Co;Shrewsbury;25;30;17;30;0,8333;0,5667;1,4;1,7;1,2423;1,0;1,0328;2,7
158;bmhw6Ihp;01/12/2023;16:30;EUROPE;UEFA NATIONS LEAGUE WOMEN - LEAGUE A - ROUND 5;Germany W;Denmark W;21;30;21;30;0,7;0,7;1,4;1,1667;1,0028;1,0333;0,875;2,2
159;A16yPdyA;01/12/2023;10:30;ALGERIA;LIGUE 2 - ROUND 7;JSM Tiaret;Mostaganem;20;30;22;30;0,6667;0,7333;1,4;0,9;0,8307;1,2;0,9092;2,1
160;b7SR39Or;01/12/2023;11:00;IRAQ;SUPER LEAGUE - ROUND 6;Naft Missan;Al Minaa;23;30;19;30;0,7667;0,6333;1,4;1,1667;0,8596;0,9;0,9074;2,0667
161;ULwmpuSi;01/12/2023;09:00;ROMANIA;LIGA 3 - SERIA 1 - ROUND 15;FC Bacau;Bucovina Radauti;10;15;22;30;0,6667;0,7333;1,4;1,0667;1,1235;1,3333;1,075;2,4
162;0xx7Kr0O;01/12/2023;09:00;BULGARIA;VTORA LIGA - ROUND 19;Dobrudzha;Litex Lovech;25;30;17;30;0,8333;0,5667;1,4;1,2667;1,2632;0,9;1,106;2,1667
163;CIbQlxdr;01/12/2023;12:30;PORTUGAL;LIGA PORTUGAL 2 - ROUND 12;Vilaverdense;Leiria;21;30;21;30;0,7;0,7;1,4;1,0333;0,9123;1,6333;1,6017;2,6666
164;YHl8qHb5;01/12/2023;16:00;ENGLAND;PREMIER LEAGUE 2 - ROUND 9;West Brom U21;Arsenal U21;21;30;21;30;0,7;0,7;1,4;1,6;1,4048;1,6333;1,6017;3,2333
165;rTZPWwFa;01/12/2023;16:00;ENGLAND;PREMIER LEAGUE 2 - ROUND 9;West Ham U21;Nottingham U21;24;30;18;30;0,8;0,6;1,4;1,5667;1,1455;1,5;1,5;3,0667
166;roikKokS;01/12/2023;16:30;SPAIN;LALIGA2 - ROUND 18;R. Oviedo;Espanyol;18;30;24;30;0,6;0,8;1,4;0,8333;0,8199;1,4333;0,9551;2,2666
167;4CRKj6Bh;01/12/2023;13:00;AFRICA;CAF CHAMPIONS LEAGUE - ROUND 2;Medeama (Gha);CR Belouizdad (Alg);19;30;23;30;0,6333;0,7667;1,4;1,0333;1,0796;1,3333;1,0435;2,3666
168;tEAdz6o2;01/12/2023;14:00;EUROPE;UEFA NATIONS LEAGUE WOMEN - LEAGUE B - ROUND 5;Croatia W;Slovakia W;21;30;21;30;0,7;0,7;1,4;1,4;1,2;1,3333;1,1926;2,7333
169;zkB434Fl;01/12/2023;14:00;EUROPE;UEFA NATIONS LEAGUE WOMEN - LEAGUE B - ROUND 5;Slovenia W;Bosnia & Herzegovina W;22;30;20;30;0,7333;0,6667;1,4;1,3667;1,0796;1,3333;1,325;2,7
170;roZrsR3L;01/12/2023;08:00;RUSSIA;YOUTH LEAGUE - ROUND 19;Nizhny Novgorod U19;Krasnodar U19;21;30;21;30;0,7;0,7;1,4;1,0667;0,9286;1,2667;1,1235;2,3334
171;lj0E2WHl;01/12/2023;07:00;UKRAINE;YOUTH LEAGUE - ROUND 16;Kryvbas 2020 U19;Oleksandriya U19;22;30;20;30;0,7333;0,6667;1,4;1,0667;0,8537;1,3;1,2423;2,3667
172;MwuEF3Co;01/12/2023;14:30;DENMARK;1ST DIVISION - ROUND 18;Fredericia;Vendsyssel;21;30;21;30;0,7;0,7;1,4;1,4;1,562;1,0;0,8563;2,4
173;tjtGHETq;01/12/2023;10:30;ALGERIA;LIGUE 2 - ROUND 7;Temouchent;Arba;18;30;24;30;0,6;0,8;1,4;1,0333;1,1101;1,4333;1,0225;2,4666
174;2HETfnBI;01/12/2023;16:00;NETHERLANDS;EERSTE DIVISIE - ROUND 17;Groningen;Venlo;20;30;22;30;0,6667;0,7333;1,4;1,4333;1,5424;1,3;1,1;2,7333
175;EHirUVuE;01/12/2023;00:05;MEXICO;LIGA MX - APERTURA - PLAY OFFS - QUARTER-FINALS;Guadalajara Chivas;U.N.A.M.- Pumas;22;30;20;30;0,7333;0,6667;1,4;1,1333;0,8844;1,4333;1,3337;2,5666
176;MV2CpkGl;01/12/2023;20:00;BOLIVIA;DIVISION PROFESIONAL - ROUND 33;Bolivar;Tomayapo;26;30;16;30;0,8667;0,5333;1,4;1,6;0,8794;0,7667;0,9551;2,3667
177;Q5x8y5Rr;01/12/2023;08:00;RUSSIA;YOUTH LEAGUE - ROUND 19;Sochi U19;Dynamo Moscow U19;21;30;21;30;0,7;0,7;1,4;1,2667;0,9978;1,0667;0,9978;2,3334
178;ncWUNmY9;01/12/2023;15:30;FRANCE;NATIONAL - ROUND 15;Epinal;Chateauroux;23;30;19;30;0,7667;0,6333;1,4;1,4333;1,0225;1,0333;0,9481;2,4666
179;IRLJdCVm;01/12/2023;09:30;CROATIA;PRVA NL - ROUND 17;Sesvete;Solin;22;30;20;30;0,7333;0,6667;1,4;1,2667;1,2893;1,1333;0,9214;2,4
180;C4qcQkaK;01/12/2023;17:00;GIBRALTAR;NATIONAL LEAGUE - ROUND 9;Lincoln Red Imps;Lions Gibraltar;20;30;22;30;0,6667;0,7333;1,4;1,3333;1,2472;1,6333;1,402;2,9666
181;hdftaxea;01/12/2023;12:00;PORTUGAL;LIGA 3 - ROUND 12;Atletico CP;Covilha;21;30;21;30;0,7;0,7;1,4;1,0333;0,836;1,2333;1,3585;2,2666
182;Ucid3aAH;01/12/2023;14:00;TURKEY;SUPER LIG - ROUND 14;Hatayspor;Antalyaspor;19;28;21;30;0,6786;0,7;1,3786;1,1786;1,0019;1,1;0,9074;2,2786
183;CSHVtVyf;01/12/2023;11:00;EGYPT;PREMIER LEAGUE - ROUND 7;El Daklyeh;Baladiyat El Mahalla;21;30;20;30;0,7;0,6667;1,3667;1,2;1,1944;1,3333;1,3744;2,5333
184;nRX9QL3q;01/12/2023;15:00;SAUDI ARABIA;SAUDI PROFESSIONAL LEAGUE - ROUND 15;Al Hilal;Al Nassr;20;30;21;30;0,6667;0,7;1,3667;1,2333;1,2297;1,3;1,1874;2,5333
185;d6OGOZF9;01/12/2023;15:00;ROMANIA;LIGA 1 - ROUND 18;Poli Iasi;Farul Constanta;21;30;20;30;0,7;0,6667;1,3667;1,3333;1,2996;1,2333;1,116;2,5666
186;tpaayL36;01/12/2023;16:00;NETHERLANDS;EREDIVISIE - ROUND 14;Heerenveen;Almere City;23;30;18;30;0,7667;0,6;1,3667;1,6333;1,2512;1,1667;1,1571;2,8
187;bL9qkTaF;01/12/2023;11:30;INDIA;ISL;Jamshedpur;Odisha FC;18;30;23;30;0,6;0,7667;1,3667;1,2333;1,2828;1,4333;1,2023;2,6666
188;nDSzl4Gf;01/12/2023;09:00;ROMANIA;LIGA 3 - SERIA 10 - ROUND 15;Baile Felix;CSM Satu Mare;18;30;23;30;0,6;0,7667;1,3667;1,0333;1,0483;1,5333;1,1175;2,5666
189;KYrrE9Bt;01/12/2023;16:00;NETHERLANDS;EERSTE DIVISIE - ROUND 17;Oss;De Graafschap;20;30;21;30;0,6667;0,7;1,3667;1,2333;1,2023;1,4333;1,3337;2,6666
190;SpBmdeMn;01/12/2023;10:00;ISRAEL;LEUMIT LEAGUE - ROUND 10;Hapoel Afula;H. Akko;26;30;15;30;0,8667;0,5;1,3667;1,5667;1,2023;1,0667;1,2893;2,6334
191;AwrupboN;01/12/2023;20:00;AUSTRALIA & OCEANIA;PACIFIC GAMES - PLAY OFFS - FINAL;New Caledonia;Solomon Islands;20;30;21;30;0,6667;0,7;1,3667;1,4;1,4283;1,6667;1,6997;3,0667
192;zBEefZja;01/12/2023;10:00;ISRAEL;LEUMIT LEAGUE - ROUND 10;Maccabi Jaffa;M. Herzliya;21;30;20;30;0,7;0,6667;1,3667;1,1;0,9434;1,1;1,0116;2,2
193;hnsTvAmJ;01/12/2023;06:00;MYANMAR;NATIONAL LEAGUE - ROUND 21;Yangon Utd;Ispe FC;20;30;21;30;0,6667;0,7;1,3667;1,5333;1,5217;1,3;1,159;2,8333
194;zDJML2Ci;01/12/2023;14:00;BOTSWANA;PREMIER LEAGUE - ROUND 9;Township Rollers;Sua Flamingoes;18;30;23;30;0,6;0,7667;1,3667;0,9333;0,9286;1,2667;0,8919;2,2
195;rLPjbEAd;01/12/2023;07:00;UZBEKISTAN;SUPER LEAGUE - ROUND 26;Metallurg Bekabad;Olympic;21;30;20;30;0,7;0,6667;1,3667;1,0;0,8563;1,2333;1,4761;2,2333
196;hQetOGjG;01/12/2023;10:30;ALGERIA;LIGUE 2 - ROUND 7;Oued Sly;GC Mascara;20;30;21;30;0,6667;0,7;1,3667;1,3333;1,2472;1,0333;0,875;2,3666
197;S452vr1j;01/12/2023;10:00;OMAN;SULTAN CUP - QUARTER-FINALS;Al Nasr;Fanja SC;20;30;21;30;0,6667;0,7;1,3667;0,9667;0,9481;1,1667;0,9339;2,1334
198;8bNbC5cQ;01/12/2023;14:00;EUROPE;UEFA NATIONS LEAGUE WOMEN - LEAGUE C - ROUND 5;Cyprus W;Azerbaijan W;25;30;16;30;0,8333;0,5333;1,3666;2,0667;1,5478;0,9333;1,34;3,0
199;UoorV1eS;01/12/2023;12:00;SAUDI ARABIA;SAUDI PROFESSIONAL LEAGUE - ROUND 15;Al Feiha;Damac;19;30;22;30;0,6333;0,7333;1,3666;1,1667;1,1279;1,2667;1,0306;2,4334
200;Cj0iXRf0;01/12/2023;09:00;ETHIOPIA;PREMIER LEAGUE - ROUND 6;Ethiopian Insurance;Defence Force;22;30;19;30;0,7333;0,6333;1,3666;1,1;0,8307;1,0333;1,016;2,1333
201;SCNM2z2o;01/12/2023;13:30;QATAR;QSL - ROUND 10;Al-Duhail;Umm-Salal;22;30;19;30;0,7333;0,6333;1,3666;1,4333;1,1455;1,1;0,9781;2,5333
202;j1NFxpEl;01/12/2023;11:30;AFRICA;AFRICA CUP OF NATIONS WOMEN - QUALIFICATION - FINAL;Ghana W;Namibia W;19;30;22;30;0,6333;0,7333;1,3666;1,4;1,8184;1,3;1,1;2,7
203;OG6T1vBt;01/12/2023;14:30;PORTUGAL;LIGA 3 - ROUND 12;Alverca;Caldas;19;30;22;30;0,6333;0,7333;1,3666;0,9667;1,0483;1,3667;1,016;2,3334
204;YozH4GXS;01/12/2023;09:15;UZBEKISTAN;SUPER LEAGUE - ROUND 26;OKMK;Nasaf Qarshi;22;30;19;30;0,7333;0,6333;1,3666;1,3667;1,0796;0,8;0,7483;2,1667
205;8fsQC1d4;01/12/2023;15:00;DENMARK;1ST DIVISION - ROUND 18;Horsens;Hobro;23;30;17;30;0,7667;0,5667;1,3334;1,2333;0,8439;0,8667;0,8844;2,1
206;fZLz2mge;01/12/2023;15:30;IRAQ;SUPER LEAGUE - ROUND 6;Al Talaba;Erbil;23;30;17;30;0,7667;0,5667;1,3334;1,0;0,6831;1,0333;1,1686;2,0333
207;8OMtONkQ;01/12/2023;09:00;ROMANIA;LIGA 3 - SERIA 6 - ROUND 15;Cetatea;Horezu;17;30;23;30;0,5667;0,7667;1,3334;1,2;1,5144;1,5;1,3102;2,7
208;hW8iTGOt;01/12/2023;18:00;SPAIN;TERCERA RFEF - GROUP 12 - ROUND 13;CD Buzanada;Tenerife B;20;30;20;30;0,6667;0,6667;1,3334;0,9667;0,9123;0,9667;0,875;1,9334
209;WM7eSzvm;01/12/2023;18:00;SPAIN;TERCERA RFEF - GROUP 12 - ROUND 13;Arucas;Las Palmas B;20;30;20;30;0,6667;0,6667;1,3334;1,1667;1,0672;1,0333;1,016;2,2
210;pQs47ImA;01/12/2023;09:15;UZBEKISTAN;SUPER LEAGUE - ROUND 26;Pakhtakor;Bunyodkor;20;30;20;30;0,6667;0,6667;1,3334;1,1333;1,0242;1,1;1,106;2,2333
211;fB7HUU9T;01/12/2023;13:00;CROATIA;HNL - ROUND 17;Istra 1961;Varazdin;22;30;18;30;0,7333;0,6;1,3333;1,1333;0,9214;1,1667;1,3924;2,3
212;8tObW45F;01/12/2023;16:15;SWITZERLAND;CHALLENGE LEAGUE - ROUND 16;Wil;Schaffhausen;19;30;21;30;0,6333;0,7;1,3333;0,9;1,0116;1,4333;1,2297;2,3333
213;U99Qf5Er;01/12/2023;11:15;ALGERIA;LIGUE 1 - ROUND 8;El Bayadh;Paradou;19;30;21;30;0,6333;0,7;1,3333;0,9667;0,875;0,9333;0,7717;1,9
214;fq1KrTp1;01/12/2023;16:00;BOLIVIA;DIVISION PROFESIONAL - ROUND 33;Universitario de Vinto;Guabira;16;30;24;30;0,5333;0,8;1,3333;0,8;0,9092;1,4333;1,2297;2,2333
215;8SrFpzsj;01/12/2023;09:00;ROMANIA;LIGA 3 - SERIA 8 - ROUND 15;Ineu;Politehnica Timisoara;21;30;19;30;0,7;0,6333;1,3333;1,2667;1,1813;1,2;1,2754;2,4667
216;GrNW2Twk;01/12/2023;08:30;IRAQ;SUPER LEAGUE - ROUND 6;Al-Hudod;Baghdad;21;30;19;30;0,7;0,6333;1,3333;0,9667;0,7951;1,0;0,9309;1,9667
217;U9VYAuRG;01/12/2023;15:00;DENMARK;1ST DIVISION - ROUND 18;Kolding IF;B.93;22;30;18;30;0,7333;0,6;1,3333;1,4667;1,5434;1,6;2,01;3,0667
218;6yAieFyg;01/12/2023;10:00;ISRAEL;LEUMIT LEAGUE - ROUND 10;Nof Hagalil;Nes Tziona;21;30;19;30;0,7;0,6333;1,3333;1,1333;1,0242;1,0333;1,016;2,1666
219;GdhpO8gB;01/12/2023;13:00;GAMBIA;GFA LEAGUE - ROUND 4;Greater Tomorrow;Banjul Utd;22;30;18;30;0,7333;0,6;1,3333;1,2333;0,9551;0,9;0,9074;2,1333
220;Y7RvuYAM;01/12/2023;17:00;ENGLAND;CHAMPIONSHIP - ROUND 19;Preston;QPR;19;30;21;30;0,6333;0,7;1,3333;1,1333;1,1175;1,2333;1,0858;2,3666
221;E1Dagg65;01/12/2023;10:00;ISRAEL;LEUMIT LEAGUE - ROUND 10;Ihud Bnei Shfaram;Hapoel Umm al-Fahm;21;30;19;30;0,7;0,6333;1,3333;1,1;1,044;0,9;0,9434;2,0
222;vsSL0KK6;01/12/2023;05:30;INDONESIA;LIGA 2 - ROUND 12;PSMS Medan;Semen Padang;18;30;22;30;0,6;0,7333;1,3333;1,0667;1,0934;1,1;0,9074;2,1667
223;fFi0f6wR;01/12/2023;09:00;ROMANIA;LIGA 3 - SERIA 10 - ROUND 15;CSM Zalau;Sanatatea Cluj;16;30;23;30;0,5333;0,7667;1,3;0,9667;1,1397;1,4333;1,1743;2,4
224;fmqa26EH;01/12/2023;09:00;THAILAND;THAI LEAGUE 1 - ROUND 12;Ratchaburi;Chiangrai Utd;16;30;23;30;0,5333;0,7667;1,3;1,0;1,0954;1,3333;1,0111;2,3333
225;GruF1JN2;01/12/2023;13:00;MALI;PREMIERE DIVISION - ROUND 6;Black Stars;Real Bamako;19;30;20;30;0,6333;0,6667;1,3;0,9333;0,8919;1,0;0,8944;1,9333
226;th9zxJNe;01/12/2023;12:00;UKRAINE;PREMIER LEAGUE - ROUND 16;Zhytomyr;Veres-Rivne;19;30;20;30;0,6333;0,6667;1,3;0,9667;1,016;1,2333;1,0858;2,2
227;IP4I1jXf;01/12/2023;09:00;UKRAINE;YOUTH LEAGUE - ROUND 16;Dnipro-1 U19;Vorskla Poltava U19;16;30;23;30;0,5333;0,7667;1,3;0,9;1,0116;1,3333;1,0435;2,2333
228;db2XPxM3;01/12/2023;10:30;ALGERIA;LIGUE 2 - ROUND 7;Hussein Dey;ASM Oran;20;30;19;30;0,6667;0,6333;1,3;1,1;0,9434;1,0333;1,1968;2,1333
229;Moe0Zxfi;01/12/2023;14:30;SERBIA;SUPER LIGA - ROUND 17;Sp. Subotica;Radnik;21;30;18;30;0,7;0,6;1,3;1,0667;0,8919;0,9;0,9074;1,9667
230;IJVMfq3j;01/12/2023;09:00;ROMANIA;LIGA 3 - SERIA 5 - ROUND 15;Odorheiu;Kids Tampa Brasov;19;30;20;30;0,6333;0,6667;1,3;1,1;1,1358;1,3333;1,2996;2,4333
231;Wf3pQHY1;01/12/2023;09:30;ROMANIA;LIGA 2 - ROUND 15;Gloria Buzau;Csikszereda M. Ciuc;18;30;21;30;0,6;0,7;1,3;0,9667;1,1101;1,2333;1,0858;2,2
232;Yi1mek0q;01/12/2023;08:00;SYRIA;PREMIER LEAGUE - ROUND 7;Al Jaish;Jableh;18;30;21;30;0,6;0,7;1,3;0,9;0,9434;0,9667;0,9826;1,8667
233;tpJj3EhK;01/12/2023;09:00;CROATIA;PRVA NL - ROUND 17;Dubrava;Bijelo Brdo;23;30;16;30;0,7667;0,5333;1,3;1,2333;0,9551;0,6333;0,6574;1,8666
234;EXHeCNVs;01/12/2023;16:45;ITALY;SERIE A - ROUND 14;Monza;Juventus;23;30;16;30;0,7667;0,5333;1,3;1,3667;1,1101;1,0;1,1255;2,3667
235;0zXFLXVE;01/12/2023;15:00;DENMARK;SUPERLIGA - ROUND 17;Randers FC;Vejle;24;30;15;30;0,8;0,5;1,3;1,5333;1,1175;0,9333;1,0934;2,4666
236;KSyCzPtk;01/12/2023;08:00;RUSSIA;YOUTH LEAGUE - ROUND 19;Krylya Sovetov Samara U19;Akhmat Grozny U19;22;30;17;30;0,7333;0,5667;1,3;1,3;1,159;1,1;1,3;2,4
237;E5qBoGRq;01/12/2023;09:00;ROMANIA;LIGA 3 - SERIA 8 - ROUND 15;Teuz Cermei;Soimii Lipova;20;30;19;30;0,6667;0,6333;1,3;1,4;1,2806;1,0;1,0328;2,4
238;SAOKaViS;01/12/2023;08:00;SYRIA;PREMIER LEAGUE - ROUND 7;Horriya;Foutoua;21;30;18;30;0,7;0,6;1,3;1,0333;0,9123;0,9;0,9074;1,9333
239;fDjNRlwG;01/12/2023;15:00;WORLD;FRIENDLY INTERNATIONAL WOMEN;Morocco W;Uganda W;18;30;19;28;0,6;0,6786;1,2786;1,0667;1,1235;1,3214;1,4652;2,3881
240;xIZOFhbd;01/12/2023;10:30;ALGERIA;LIGUE 2 - ROUND 7;MSP Batna;CA Batna;18;28;19;30;0,6429;0,6333;1,2762;0,9643;0,9056;0,9;0,8307;1,8643
241;zc1MLnJh;01/12/2023;15:30;GERMANY;OBERLIGA RHEINLAND-PFALZ/SAAR - ROUND 24;Waldalgesheim;SpVgg Quierschied;17;30;19;27;0,5667;0,7037;1,2704;1,1667;1,3187;1,2593;1,0034;2,426
242;xhO3zkeM;01/12/2023;17:00;ARGENTINA;COPA DE LA LIGA PROFESIONAL - RELEGATION - PLAY OFFS - FINAL;Colon Santa Fe;Gimnasia L.P.;21;30;17;30;0,7;0,5667;1,2667;1,0333;0,875;0,8667;0,9568;1,9
243;d6W7rPb4;01/12/2023;20:00;CHILE;PRIMERA DIVISION - ROUND 29;Coquimbo;Union La Calera;18;30;20;30;0,6;0,6667;1,2667;1,0667;1,0934;1,3;1,2423;2,3667
244;6kHZuki0;01/12/2023;11:00;EGYPT;PREMIER LEAGUE - ROUND 7;Enppi;Al Masry;20;30;18;30;0,6667;0,6;1,2667;1,0333;0,9123;0,9333;1,0306;1,9666
245;KhLwu966;01/12/2023;14:00;EGYPT;PREMIER LEAGUE - ROUND 7;National Bank Egypt;Ceramica Cleopatra;21;30;17;30;0,7;0,5667;1,2667;1,1;0,8699;1,0667;1,2092;2,1667
246;0bJYPqLD;01/12/2023;09:00;ROMANIA;LIGA 3 - SERIA 6 - ROUND 15;Unirea Bascov;Petrolul Potcoava;21;30;17;30;0,7;0,5667;1,2667;1,2333;1,1743;0,9667;1,016;2,2
247;2qPCPF03;01/12/2023;12:00;ROMANIA;LIGA 1 - ROUND 18;FC Voluntari;Petrolul;21;30;17;30;0,7;0,5667;1,2667;1,4;1,1431;1,0333;1,1968;2,4333
248;O6aC131b;01/12/2023;16:30;EUROPE;UEFA NATIONS LEAGUE WOMEN - LEAGUE A - ROUND 5;Belgium W;Scotland W;18;30;20;30;0,6;0,6667;1,2667;1,5;1,4776;1,5;1,3601;3,0
249;GrebZUt3;01/12/2023;10:00;KUWAIT;CROWN PRINCE CUP - 1/8-FINALS;Al-Fahaheel;Al Qadisiya;18;30;20;30;0,6;0,6667;1,2667;1,1333;1,2311;1,2333;1,1455;2,3666
250;AXzyqmZ8;01/12/2023;08:00;RUSSIA;YOUTH LEAGUE - ROUND 19;CSKA Moscow U19;Fakel Voronezh U19;24;30;14;30;0,8;0,4667;1,2667;1,2667;0,8919;0,7;0,9;1,9667
251;KAUxMR2M;01/12/2023;15:30;FRANCE;NATIONAL - ROUND 15;Orleans;Versailles;20;30;18;30;0,6667;0,6;1,2667;1,3667;1,2243;1,1667;1,2931;2,5334
252;E7vIQkli;01/12/2023;15:30;FRANCE;NATIONAL - ROUND 15;GOAL FC;Dijon;18;30;20;30;0,6;0,6667;1,2667;1,0667;1,0306;0,9667;0,875;2,0334
253;S0Nbao6R;01/12/2023;14:00;ALGERIA;LIGUE 1 - ROUND 8;Constantine;Khenchela;19;30;19;30;0,6333;0,6333;1,2666;1,1333;1,0873;0,9667;0,9826;2,1
254;OtWAevx2;01/12/2023;15:30;SPAIN;TERCERA RFEF - GROUP 15 - ROUND 13;Pamplona;CD Ardoi;17;29;20;30;0,5862;0,6667;1,2529;1,1034;1,4226;1,1333;0,9911;2,2367
255;W23FpNNn;01/12/2023;19:30;PARAGUAY;PRIMERA DIVISION - CLAUSURA - ROUND 22;Sp. Luqueno;Nacional Asuncion;17;30;20;30;0,5667;0,6667;1,2334;0,8333;0,8596;0,9333;0,8138;1,7666
256;x2os3VwE;01/12/2023;19:30;PARAGUAY;PRIMERA DIVISION - CLAUSURA - ROUND 22;General Caballero JLM;Olimpia Asuncion;17;30;20;30;0,5667;0,6667;1,2334;0,7333;0,7717;1,2667;1,1813;2,0
257;Qioz26Bj;01/12/2023;15:30;FRANCE;NATIONAL - ROUND 15;Rouen;Cholet;17;30;20;30;0,5667;0,6667;1,2334;0,7333;0,7717;0,9;0,7895;1,6333
258;0zDBBRld;01/12/2023;13:15;KUWAIT;CROWN PRINCE CUP - 1/8-FINALS;Khaitan;Al Sahel;20;30;17;30;0,6667;0,5667;1,2334;1,2;1,1662;1,0333;1,1101;2,2333
259;z1m2BiU5;01/12/2023;13:00;CYPRUS;DIVISION 2 - ROUND 10;PAEEK;Ypsonas;15;30;22;30;0,5;0,7333;1,2333;0,8667;1,0562;1,3333;1,325;2,2
260;SKuxX1KR;01/12/2023;12:30;UGANDA;PREMIER LEAGUE - ROUND 9;Kampala City;Gadaffi;19;30;18;30;0,6333;0,6;1,2333;1,0333;0,9123;0,9333;0,9638;1,9666
261;babahmp2;01/12/2023;08:00;SYRIA;PREMIER LEAGUE - ROUND 7;Tishreen;Hottin;14;30;22;30;0,4667;0,7333;1,2;0,6333;0,7951;0,9667;0,7951;1,6
262;ERUiWvU8;01/12/2023;12:00;AFRICA;CAF CHAMPIONS LEAGUE - ROUND 2;Al-Hilal Omdurman (Sud);Esperance Tunis (Tun);18;30;18;30;0,6;0,6;1,2;0,8667;0,8844;0,8667;0,9568;1,7334
263;Ui8EBZ1p;01/12/2023;12:30;SERBIA;SUPER LIGA - ROUND 17;Novi Pazar;Javor;16;30;20;30;0,5333;0,6667;1,2;0,8;0,8718;1,0333;1,016;1,8333
264;bqEUgPTl;01/12/2023;12:45;ALGERIA;LIGUE 1 - ROUND 8;MC Alger;Magra;18;30;18;30;0,6;0,6;1,2;0,9667;1,0796;0,9667;1,1101;1,9334
265;AT68iXzI;01/12/2023;10:00;ISRAEL;LEUMIT LEAGUE - ROUND 10;MS Kafr Qasim;Kiryat Shmona;17;30;19;30;0,5667;0,6333;1,2;1,2333;1,3337;1,2;1,2754;2,4333
266;zeMr0ztp;01/12/2023;07:00;UZBEKISTAN;SUPER LEAGUE - ROUND 26;Andijan;Buxoro;19;30;17;30;0,6333;0,5667;1,2;1,0333;0,9826;0,7333;0,7272;1,7666
267;E5woZrA9;01/12/2023;12:30;UNITED ARAB EMIRATES;UAE LEAGUE - ROUND 9;Al Nasr;Al Wahda;16;30;20;30;0,5333;0,6667;1,2;1,1;1,3988;1,1;1,0116;2,2
268;jNpC5dIM;01/12/2023;07:00;UZBEKISTAN;SUPER LEAGUE - ROUND 26;Qizilqum;Turon;15;30;21;30;0,5;0,7;1,2;0,8;0,9452;1,0667;0,9286;1,8667
269;Gh8HEuaa;01/12/2023;16:00;BELGIUM;CHALLENGER PRO LEAGUE - ROUND 14;Patro Eisden;Beerschot VA;19;30;17;30;0,6333;0,5667;1,2;0,9;0,8307;1,0333;1,1968;1,9333
270;WhnTYNkF;01/12/2023;10:00;UGANDA;PREMIER LEAGUE - ROUND 9;URA SC;Express;17;30;19;30;0,5667;0,6333;1,2;0,9333;0,9286;1,0333;1,0483;1,9666
271;voULzpL2;01/12/2023;10:00;UGANDA;PREMIER LEAGUE - ROUND 9;Wakiso Giants;BUL;17;30;18;30;0,5667;0,6;1,1667;0,7667;0,8035;0,9667;0,9481;1,7334
272;Ichs1rc4;01/12/2023;17:30;PORTUGAL;LIGA PORTUGAL - ROUND 12;Chaves;Vizela;18;30;17;30;0,6;0,5667;1,1667;1,2667;1,34;0,9333;0,8919;2,2
273;Wz7fVYLe;01/12/2023;16:00;EUROPE;UEFA NATIONS LEAGUE WOMEN - LEAGUE A - ROUND 5;Switzerland W;Sweden W;16;30;19;30;0,5333;0,6333;1,1666;1,4333;1,961;0,9;0,9074;2,3333
274;nic4nSZs;01/12/2023;14:00;TURKEY;1. LIG - ROUND 14;Adanaspor AS;Corum;16;30;19;30;0,5333;0,6333;1,1666;1,0667;1,3888;1,0667;1,2092;2,1334
275;EDekrZIk;01/12/2023;10:00;LIBYA;PREMIER LEAGUE - ROUND 4;Al-Suqoor;Al Sadaqa;9;18;17;26;0,5;0,6538;1,1538;0,7222;0,8696;1,1154;1,1207;1,8376
276;fZwJ0ww9;01/12/2023;13:00;MALI;PREMIERE DIVISION - ROUND 6;CO Bamako;Korofina;19;30;15;30;0,6333;0,5;1,1333;1,0333;0,9481;0,8;0,9092;1,8333
277;4UQnafej;01/12/2023;07:00;UZBEKISTAN;SUPER LEAGUE - ROUND 26;Sogdiana;Termez Surkhon;19;30;15;30;0,6333;0,5;1,1333;1,1333;1,1757;0,7667;0,8825;1,9
278;vms86x3G;01/12/2023;09:15;UZBEKISTAN;SUPER LEAGUE - ROUND 26;Navbahor Namangan;Neftchi Fargona;16;30;18;30;0,5333;0,6;1,1333;0,8667;1,1175;1,1;1,044;1,9667
279;fgv0qeh5;01/12/2023;12:30;JORDAN;JORDAN CUP - QUARTER-FINALS;Al Hussein;Aqaba;18;30;16;30;0,6;0,5333;1,1333;1,0667;1,0625;0,6333;0,6574;1,7
280;KC37yGZg;01/12/2023;10:30;SOUTH AFRICA;MOTSEPE FOUNDATION CHAMPIONSHIP - ROUND 14;NB La Masia;Black Leopards;15;30;18;30;0,5;0,6;1,1;0,6667;0,8692;0,7;0,6403;1,3667
281;t4wtu7VK;01/12/2023;08:00;TURKEY;3. LIG GROUP 4 - ROUND 13;Siirt Ozel;Musspor;14;30;19;30;0,4667;0,6333;1,1;0,8;1,077;1,0333;0,9826;1,8333
282;IJmDneRC;01/12/2023;13:00;BAHRAIN;PREMIER LEAGUE - ROUND 8;Al-Muharraq;Manama Club;16;30;17;30;0,5333;0,5667;1,1;1,1667;1,4625;1,1667;1,3187;2,3334
283;WK4Xq4wT;01/12/2023;13:15;OMAN;SULTAN CUP - QUARTER-FINALS;Ibri;Bahla;11;22;18;30;0,5;0,6;1,1;0,9091;1,1245;0,9667;1,1101;1,8758
284;ldLv1781;01/12/2023;13:00;IRAQ;SUPER LEAGUE - ROUND 6;Al Wasat;Naft Al-Basra;15;30;18;30;0,5;0,6;1,1;0,6;0,6633;0,9667;1,016;1,5667
285;EZ2Bzzk0;01/12/2023;10:30;SOUTH AFRICA;MOTSEPE FOUNDATION CHAMPIONSHIP - ROUND 14;Magesi;Pretoria U.;17;30;16;30;0,5667;0,5333;1,1;1,0;1,0954;0,7;0,7371;1,7
286;04xrHWM2;01/12/2023;08:00;SYRIA;PREMIER LEAGUE - ROUND 7;Wathbah;Al Wahda;15;30;18;30;0,5;0,6;1,1;0,6;0,6633;0,7333;0,6799;1,3333
287;tM43xdKm;01/12/2023;10:30;SOUTH AFRICA;MOTSEPE FOUNDATION CHAMPIONSHIP - ROUND 14;JDR Stars;Hungry Lions;17;30;13;30;0,5667;0,4333;1,0;0,9667;0,9826;0,6333;0,9123;1,6
288;G2udpywa;01/12/2023;10:00;JORDAN;JORDAN CUP - QUARTER-FINALS;Shabab Al Ordon;Maan;15;30;15;30;0,5;0,5;1,0;0,8667;1,0242;0,8;1,0132;1,6667
289;K8aegTUe;01/12/2023;08:00;SYRIA;PREMIER LEAGUE - ROUND 7;Al Taliya;Al Karamah;15;30;15;30;0,5;0,5;1,0;0,7333;0,8138;0,6667;0,7454;1,4
290;O8jgIi7r;01/12/2023;17:00;SPAIN;LALIGA - ROUND 15;Las Palmas;Getafe;11;30;19;30;0,3667;0,6333;1,0;0,5333;0,8844;1,2333;1,2828;1,7666
291;Orwt5dQ2;01/12/2023;14:00;LIBYA;PREMIER LEAGUE - ROUND 4;Al Tahaddi;Al Ahly Benghazi;11;24;16;30;0,4583;0,5333;0,9916;0,75;0,9682;0,9667;1,0796;1,7167
292;OOU54R13;01/12/2023;12:15;NIGER;LIGUE 1 - ROUND 3;Douanes Niamey;Police;12;18;5;16;0,6667;0,3125;0,9792;1,0;0,9428;0,375;0,5995;1,375
293;2uiXxzo2;01/12/2023;13:00;MALI;PREMIERE DIVISION - ROUND 6;USC Kita;Bakaridjan;14;30;14;29;0,4667;0,4828;0,9495;0,6667;0,83;0,7586;0,9704;1,4253
294;OEVKGYrj;01/12/2023;10:30;ALGERIA;LIGUE 2 - ROUND 7;Medea;SC Mecheria;15;30;12;30;0,5;0,4;0,9;0,9;1,0755;0,6667;0,9428;1,5667
295;SdajkXPp;01/12/2023;13:00;GUINEA;LIGUE 1 - ROUND 1;Wakriya;Ashanti GB;11;30;12;24;0,3667;0,5;0,8667;0,5;0,7188;0,75;1,0897;1,25
